timestamp,reading_mg_dl,notes
2026-06-22T08:00:00Z,120,Fasting
2026-06-22T09:30:00Z,145,After breakfast
2026-06-22T12:00:00Z,118,Before lunch
2026-06-22T13:30:00Z,165,After lunch
2026-06-22T16:00:00Z,110,Afternoon snack
2026-06-22T18:00:00Z,125,Before dinner
2026-06-22T19:30:00Z,155,After dinner
2026-06-21T08:00:00Z,115,Fasting
2026-06-21T09:30:00Z,138,After breakfast
2026-06-21T12:00:00Z,122,Before lunch
2026-06-21T13:30:00Z,160,After lunch
2026-06-21T16:00:00Z,105,Afternoon snack
2026-06-21T18:00:00Z,130,Before dinner
2026-06-21T19:30:00Z,150,After dinner
2026-06-20T08:00:00Z,118,Fasting
2026-06-20T09:30:00Z,142,After breakfast
2026-06-20T12:00:00Z,120,Before lunch
2026-06-20T13:30:00Z,158,After lunch
2026-06-20T16:00:00Z,108,Afternoon snack
2026-06-20T18:00:00Z,128,Before dinner
2026-06-20T19:30:00Z,150,After dinner
